"url","price","status"
"http://www.kmart.com/essential-home-belmont-4-drawer-dresser-chest-black/p-021W003470856000P?vName=&cName=&sName=","$39.99","In Stock"
"http://www.amazon.com/Mr-Heater-F232000-Indoor-Safe-Portable/dp/B002G51BZU",NA,NA
"http://www.walmart.com/ip/34973878","$187.35","in stock"
"http://www.overstock.com/Home-Garden/Normandy-Tobacco-Brown-End-Table/6669192/product.html?refccid=H2AFIWSBDJR2EESCYO26KCZIMM&searchidx=23","$73.98","in stock"
"http://www.wayfair.com/Delta-Children-Minnie-Mouse-Kids-3-Piece-Table-and-Chair-Set-TT89444MN-DEL1483.html","$59.99","in stock"
"http://www.monoprice.com/Product?c_id=112&cp_id=11213&cs_id=1121303&p_id=12406&seq=1&format=2","$6.50","In Stock"
"http://www.amazon.com/Lifetime-Personal-20-Inch-Molded-Almond/dp/B0006D50RE",NA,NA
"http://www.overstock.com/Office-Supplies/Innovex-Black-Glass-Mobile-Filing-Cabinet/6578290/product.html?refccid=FZ5TI36J575265KCFWX5AVN5V4&searchidx=54","$103.98","in stock"
"http://www.walmart.com/ip/25508439?registryId=99803054288&listId=87ed95a6-3fa2-4e30-b6e8-bde6b29a7955&listType=WL","$187.35","in stock"
"http://www.kmart.com/essential-home-serving-table/p-9990000083921511P?prdNo=1&blockNo=1&blockType=G1","$39.99","In Stock"
"http://www.sears.com/craftsman-evolv-101-pc-mechanics-tool-set/p-00910025000P","$49.99","In Stock for Shipping"
"http://www.monoprice.com/Product?c_id=112&cp_id=11213&cs_id=1121303&p_id=12333&seq=1&format=2","$5.99","In Stock"
"http://www.samsclub.com/sams/augason-farms-30-day-food-storage-emergency-all-in-one-pail/prod5610448.ip","$95.98","in stock"
"http://www.cabelas.com/product/Camping/Camp-Bedding/Sleeping-Pads|/pc/104795280/c/104712480/sc/104484780/Venture-Outdoorsreg-Ultra-Comfort-Contoured-Camping-Mat/1524433.uts?destination=%2Fcatalog%2Fbrowse%2Fsleeping-pads%2F_%2FN-1100678%2FNs-CATEGORY_SEQ_104484780%3FWTz_l%3DSBC%253BMMcat104795280%253Bcat104712480&WTz_l=SBC%3BMMcat104795280%3Bcat104712480%3Bcat104484780","$24.99","LimitedStock"
"http://www.harborfreight.com/tool-storage/workbench/multipurpose-workbench-with-light-60723.html","$99.99","instock"
"http://www.overstock.com/Home-Garden/The-Hilton-Curved-Graphite-Loveseat/5291390/product.html","$269.99","Out of stock"
"http://www.walmart.com/ip/GreenWorks-Tools-12-Snow-Shovel/21403946","$187.35","in stock"
"http://www.amazon.com/dp/B003Z74GKU/ref=wl_it_dp_o_pC_nS_ttl?_encoding=UTF8&colid=21OV10WCQUK6E&coliid=I2CNI11ORVQEDN",NA,NA
"http://www.amazon.com/Otter-200827-Parent-Sport-Sled/dp/B00GZIYPLG/ref=pd_sim_sbs_sg_5?ie=UTF8&refRID=0YJWJPP2J8KRP68ZGTHN",NA,NA
"http://www.wayfair.com/Delta-Children-Disney-Minnie-Mouse-Kids-Club-Chair-TC85689MN-DEL1510.html","$56.99","in stock"
